0.12659558371008872,0.8582697280085081,0.003952817738617223,0.49732384559884957
-0.012743525368992259,0.6681142696373249,0.04512084093430767,0.7425799855783446
-0.5398853915969914,0.4735324719995912,-0.4108247172460413,0.5617061630441935
0.008739273976127282,0.7109473790665375,-0.397269123804628,0.5802195210093279
-0.5454476995483348,0.019784548725907663,-0.8116087576991602,-0.20829451052576345
-0.6246868630135552,0.016656100970640714,-0.7486489694883353,0.2213901939174203
-0.5522550746671453,0.6365155674177553,-0.1586340277286007,0.5144876190792556
-0.38650031217082714,0.4966224784558828,-0.551711883314959,0.5473551136083878
-0.549480616219125,0.12354056056107487,-0.6252778020476859,0.5402188931924924
-0.5176042916948951,0.29202875355125946,-0.8042374206092294,0.0026787329349077277
-0.7583978902920879,0.00796979665873987,-0.6516183072901778,-0.012755545696349388
-0.3493972543143832,0.1582743282585029,-0.7414629270286412,0.5505483843714468
0.00035549451536931453,0.6743106966733111,0.0012107537404773606,0.7384466751573759
-0.509643837594573,0.6857487845942272,-0.4552343332346707,0.2505463331876998
-0.5638050833540081,-0.034324293948280626,-0.8194302320760836,0.09736408777813112
-0.6881922794080958,0.4250883801311734,-0.5766230842704111,0.11487851986782888
0.05232918683821275,0.7392710522773317,-0.09733933738888989,0.664277819038322
-0.27061486129980816,0.7343534782695322,-0.556891558198466,0.2781444915945849
-0.33939310605021844,-0.25781134198272143,-0.8296277020484252,0.3606431858561904
-0.5382339544987746,-0.07388019141355728,-0.7873501693465954,0.29142003769678293
-0.1824443021927593,0.7444223864669348,-0.15168924528942734,0.6241312041452463
-0.48550536958266677,0.6336774583093031,-0.45122210244859995,0.39891857464766545
-0.755157106232687,0.5304256508804359,-0.24156907382517084,0.30005125623064816
-0.7416874413164399,0.07103415084112435,-0.6405046543323573,-0.1860313860248864
-0.6168705242916888,-0.13335134499177576,-0.7755123819859376,-0.01639269457649369
-0.39648642424238123,0.6022963469819702,-0.5739766811608336,0.3880572062045233
-0.4234100256473874,0.28558651084212994,-0.8591400585296156,0.03229016624337662
-0.584709525746655,0.12461048371919359,-0.6486015905766644,0.47106578579834385
-0.3328966528171363,0.0172304709871563,-0.52475585978001,0.7832714836116852
-0.1735249050405827,0.7792594714243573,0.25145723363342104,0.5471864793464059
-0.5359958366148561,0.5099539986717452,-0.21194472161616545,0.6385411633945652
-0.7866904133709811,0.37132880432762244,-0.452858909106444,-0.19532516742533287
0.14488474100037008,0.6601162783779908,-0.15752931780748952,0.720027377866115
-0.1606056075383393,0.6161056281166326,-0.45785361849523215,0.6204754288939032
0.023509395578780845,0.7178344501232471,-0.06102187944853219,0.693135874677068
-0.6308272544408214,0.1587149905359418,-0.638938880936656,0.41063808062726526
0.006104865915140145,0.406955177569885,-0.7682420295339777,0.4941198216209675
-0.5419386994147796,0.7590053205839609,-0.29163581132162947,0.21251334771404679
-0.6538107847290562,0.2826361101348549,-0.5546299657479391,0.43015565568088776
-0.680702135823052,0.5511857657578096,-0.3098174294813987,0.36993514877806793
-0.5828007915963954,0.6891440931394128,-0.15417043389746743,0.4020635938723359
-0.6619575052823606,-0.020966585127054186,-0.6745924012152423,0.32603336597826454
-0.674682108982749,0.0185081655216795,-0.7262990458977343,-0.13019675708577638
-0.15932147096953475,0.49716772232173545,-0.8317853008260627,0.18861107628985618
-0.682034946053674,0.5942374039233592,-0.4133056979822387,0.10434864711822184
-0.8132416223891831,0.003897272599760694,-0.5563170871071986,0.1706873559249599
0.01359252437661651,0.7622708968386711,-0.07852049677167981,0.6423339121520576
-0.5381108366728793,0.3763368480130171,-0.4361106171470961,0.6153168565011203
-0.8676960790909407,0.21991067344576448,-0.3994607369113827,0.1979240503351048
-0.6557939557275113,0.47141086654768466,-0.4653437836217267,0.3621619051979925
-0.8081645884646058,0.12608936898031256,-0.5611776646430104,0.12669292674730356
0.044389338836490766,0.703614810415703,0.1297004563813144,0.6972327995553652
-0.612073399678044,0.3433856264842551,-0.6876654558146337,0.18592656025922966
-0.639318397987392,0.2961658388631749,-0.702290012226321,-0.10171784805264215
-0.7278065628454861,-0.276617961530085,-0.6236849407345304,-0.0692618591935336
-0.6545564389966742,-0.16450731798133983,-0.676497269327836,0.2946941721353859
-0.7370281004648787,0.14580724349878266,-0.4811269580515426,0.45171526109318966
-0.041621349199919666,0.7299010359566548,0.0597527606841485,0.6796629669113968
-0.35798281297457657,0.5945181895838103,-0.5763816570006451,0.43148651582869746
0.033610642090330045,0.6166143975337108,0.212467121616942,0.757307554250072
-0.6649900964917347,-0.030357605066010738,-0.7123850138038499,0.22220301413405213
-0.2903364379439902,0.09444742078664214,-0.9437755634401273,0.12677587847069688
-0.37001402651619164,0.0384778788270026,-0.8713462346725169,0.3199450145638725
-0.0011895034591485887,0.7168573088371968,-0.5590332108403823,0.41664859657234576
-0.48725700078897094,0.34435306610026645,-0.7886998113011211,0.14816945941407136
-0.8505131392702026,0.0740363592485434,-0.30853221833567995,0.4194685777109299
-0.56386296111046,-0.16428556784067042,-0.8078825153681382,0.048935208689270926
-0.3899034895817465,0.5097959944108302,-0.24016085205929408,0.7282898310650808
-0.803881379489801,0.12095886198365058,0.24029720311212122,0.5304723702453192
-0.12267883610629715,0.6182416977968563,0.03349438152092803,0.7756321503672954
0.28292184545533094,0.5943043950707596,0.08730609379222995,0.7477534094542602
-0.6900031365760174,0.0656207461985931,-0.701492117618209,0.16582640954660544
-0.295552875787815,0.6731103865828864,-0.39877788381620266,0.5482217657726309
-0.8345592376457114,0.08764447856533479,-0.5337691609601359,0.10449788057722326
0.25917032317809097,0.700924424799499,-0.004093687850397976,0.664468912758933
-0.8007210281219209,-0.3524254681765768,-0.4166189648217454,0.24712499399039312
-0.554835318179334,0.04857142547825946,-0.8302150633252829,0.023270903627566772
-0.4590665985403751,0.33723366699762236,-0.7270169053627163,0.3833767484664742
-0.3383394191862964,0.0019885094583588503,-0.8276609131350114,0.44777214755200284
-0.01506045534304612,0.6459513330263524,-0.0533683429915458,0.761361857471646
-0.5231441134836189,-0.23887793524110432,-0.8120764343992579,-0.09894156495514392
-0.665280879109748,0.23400536464300198,-0.573305027274758,-0.4170901424281633
-0.4935402498764727,0.22224420454506263,-0.8173873593339058,0.1972395500378808
0.1971711703620136,0.7140485540851123,0.052589553109354766,0.6696958495397684
-0.2330902256337838,0.41349342791671695,0.4300469793635142,0.7679529460351011
-0.477393565751668,0.5494852749583736,-0.6778037960095775,0.10365003665139816
-0.07412739294912063,0.7454469811660588,-0.08381456913325108,0.6571065711785138
-0.7173117472802018,0.3100653347443269,-0.42775469474753197,0.45425682881510887
-0.283542480676917,0.6917365757548232,0.017009231252625198,0.6639388958833232
-0.8822000663574189,0.27015803811182076,-0.14518177935316207,0.35729529566786666
-0.856186156004017,0.02902789690676008,-0.4840031586708648,-0.17844772305877366
0.059396581708704765,0.7789055398045762,-0.023213205508246057,0.6238904977903531
-0.34927946939277177,0.8487996275050311,-0.03406351378742164,0.395452552952282
-0.42498257730595246,-0.12733604558800682,-0.8914611559987611,0.09204535743725238
-0.827806899189499,-0.21530764155152507,-0.5180146789215626,-0.006256961369283438
-0.5107312107662983,0.33689323990438313,-0.6112808294302186,0.5019883692148885
0.03394610750803606,0.4990899859054928,0.03336607182509669,0.8652419043278416
-0.5402294859515047,-0.5863166982104707,-0.6026012125976787,0.03544870214763776
-0.0010756021341760125,0.6863428846114857,0.10319949844457202,0.7199181560038765
-0.37736225093385634,0.4917429098229175,-0.3891916149630405,0.6814077553502631
-0.20225442053604892,0.39510131331614556,-0.5967224110848383,0.6685136241682599
-0.31713471979350516,0.183582791634394,-0.45571748498587117,0.811199421841122
-0.792739518621696,-0.01081312131933901,-0.5057091080553958,0.34015500886006483
0.07865864384405796,0.5510255946789283,-0.024177580366534664,0.830421011514621
-0.2874970256908681,0.5837115220220591,-0.7201554821259011,0.24083687600034814
-0.39979959027636425,0.7414154395551519,-0.4994524551030693,0.20251093475565568
-0.4910791197503761,0.10819549848316755,-0.8546094213744839,-0.12952902821817242
-0.07036449436723469,0.7738450241556174,0.03627257679976662,0.6284083200390809
0.10654821723483054,0.49875578652563235,-0.10752553366856174,0.8534215853964369
-0.4522020059278338,0.3808759702265893,-0.44938216343487214,0.6697033017130738
-0.1836828793320262,0.4929972844473135,-0.37955319179135216,0.761021453028013
-0.6027891300599876,-0.4744064656908692,-0.6387629809077248,0.05971284798181131
-0.5109475677982519,0.4568704951907276,-0.6368731583203381,0.35297948070151025
-0.39359080073422514,0.6704007604062123,-0.6205030266552478,0.10307810599657341
-0.8138388242129877,0.13906737157719787,-0.5128045095700073,-0.23528316839692429
-0.581124981802557,0.5024768717937895,-0.5538800527028218,0.3209791832116613
-0.6849329405780856,0.6777466282761025,-0.16214350185761783,0.21268723416505364
-0.4798569874377663,-0.5598142804276804,-0.6669182287316077,0.1075421741545364
0.19489998397686792,0.7014323639525746,-0.0696765227749422,0.6820203935511842
-0.6152805040307211,0.195297061102784,-0.5602427903958839,0.5190539231079483
-0.09721294469080533,0.7252546441340749,0.006842358677942778,0.6815486238517546
0.05070467815862878,0.6587038142768561,-0.2324076503998559,0.7138102021585073
-0.7593763120667774,-0.21540869789805298,-0.6134344462315502,-0.02539467893707139
-0.42197279634207663,0.5353537999427088,-0.5527232928197752,0.47940820769842457
-0.682680161257484,0.14147557425174906,-0.429028735910756,0.5743403199135616
-0.2739211163558535,0.4313390872167936,-0.5511461383647518,0.6596603277588917
-0.7169454096059347,0.46361495919441836,-0.5197995560324595,-0.029306497651460095
-0.055053900234631414,0.6874993306657078,-0.08133854291338853,0.7195121818564894
-0.4749916287906849,0.6660827080466385,-0.4269525053790449,0.3852639832252499
-0.2742272453885495,0.22103267461977072,-0.935888271998083,0.007557577222942432
-0.48445600845480097,0.35119602213698914,-0.6907584781296245,0.4059759288421454
-0.26994180442730376,0.6898483755524141,-0.5023727124873134,0.44593979270565887
-0.6990817113214122,0.17988386812285917,-0.6786856205041695,-0.13532325522966765
-0.42770094984469254,0.6221160051502013,-0.571244592810677,0.3220608464598993
0.165365514738273,0.8105472370306299,-0.0847698424612616,0.5554111061965274
-0.14460317478989781,0.7885926520655107,-0.17647369780024744,0.5710241544222739
-0.7535618610428041,0.5001811665620276,-0.19348382732366665,0.38016750355934037
0.21404752546876882,0.5741905407061093,0.22869935926371718,0.756429430202638
-0.3946195409766614,-0.007732923168014445,-0.8975525534500026,0.19650708275791715
0.1312250072381551,0.9165482430041789,-0.06785966464038826,0.3716374330395046
-0.7696003239057394,0.10315106332191891,-0.5527821920292931,-0.3025013186004777
0.10727294708054291,0.6744279464769194,-0.08998068794413784,0.7249434016753858
-0.7520017282847979,0.04863281959891978,-0.6572625428870232,0.011584439227675835
0.22996598298939808,0.7149894950314226,0.06441020641810158,0.6570821820530584
-0.01706651387674918,0.32365893281782293,-0.4732969301255464,0.8191114974440639
-0.6727523677138917,0.52154360200199,-0.4016224441892966,0.3377808983195444
-0.7021856369879887,-0.1722978057943017,-0.5814235975900441,0.37308899406400564
-0.0781800726162255,0.7413001073833471,-0.0034194060956166837,0.6665960806223755
-0.7209005161319628,0.39592046344578746,-0.40077447026040447,0.4036449633688438
-0.7202699604553842,0.07897744555754121,-0.25186877835662325,0.64151061226448
-0.40005618353681627,0.266880932902876,-0.6373615671132414,0.6020796047316346
-0.16794147243790625,0.6496251379893314,0.03128590547220237,0.7408130898185545
0.1522445149675835,0.7015138298024702,0.13990312640416894,0.6820022503485564
-0.8692138601571361,-0.16596181966132892,-0.4628768723085378,0.05166179252888025
-0.32640158817460063,0.7239892854907147,0.12272595395188365,0.5951805255200664
-0.57979693435294,-0.11848046415682954,-0.796590939163912,0.12345351420705344
0.1277013507997301,0.7095617225469415,0.2104806335289392,0.6602366468239986
-0.32712301708816505,0.4651394397526085,-0.38073072548661346,0.729163869063877
-0.8129837465702093,0.11751660375535604,-0.5468885707506351,0.1617410487068752
-0.24355160823176392,0.002129494366767848,-0.8190698102730912,0.5194253798965409
-0.3997567115955205,0.35326262577987644,-0.8458118202005758,0.0015663877015740183
-0.7652353491231327,0.28792268283529326,-0.5544144191851426,0.15537065669207412
-0.16127798095371038,0.22486438307648005,-0.8643562755044323,0.41989719108281115
-0.6752860187737416,0.06669054912598014,-0.7302574957513043,-0.07915272203164408
-0.23976022685281018,0.6011882367445857,-0.7216072605075174,0.2457044956899669
0.043916163383760476,0.6904587368788118,-0.16732679144649146,0.7023815545169084
-0.4313734770061757,-0.040847117293886605,-0.8811991312703098,0.1890410732958131
-0.7617825440264955,0.4164360712090761,-0.3700515818153834,0.3306511469939323
-0.7916030467961518,-0.05802987860308193,-0.5678338120784621,-0.2180869353097584
-0.2174981293054825,0.3273164400016221,-0.7874659899678302,0.4748218892356014
-0.2792616497312238,0.3035410387195269,-0.8062055970054516,0.42415599036150564
-0.35670676978045046,0.3149659312084777,-0.8708133609747732,0.12345376834504879
-0.5050584928532245,0.2799190987424154,-0.8098518411440065,0.10344666428515781
-0.648381493004192,-0.32338345570980426,-0.6840250606095434,0.08446476520390259
-0.32523519127025957,0.6448764690962248,-0.1658924919494065,0.6714432895488641
0.1476622977721056,0.8184598179392023,-0.020180217158482627,0.5548983069635607
0.036315157576053414,0.8494751044800681,-0.09439655058700139,0.5178441343069158
-0.7084465795730974,-0.3385167942337943,-0.47235660956671877,0.40048602636232894
-0.521417066840742,0.018200677557471706,-0.8144747189642544,-0.2538186555628735
-0.350245057123991,0.700253319874292,0.209233955661462,0.5858283364292831
-0.6165901424520426,0.18734793320043064,-0.675029910021498,-0.3592380390950617
-0.20153164707899385,0.5835577610926792,0.13714322644874696,0.7746205975400825
-0.7904893366318785,0.34725339880466344,-0.4122481128218045,0.29084906595133353
-0.14156404476394224,0.702758514377223,-0.38554478085123817,0.5809004335157291
-0.7417189889165083,0.4247497811971366,-0.515817291989782,-0.05807827595569559
-0.4737634571311077,0.667522860909682,-0.5392411938834204,0.19794027298485245
0.0377489392385163,0.8262757344593605,-0.1793853245404245,0.532601477250615
-0.6460041915920129,0.14216800615642228,-0.0833010920316759,0.7453373535100654
-0.3142981657585193,-0.46078074833121957,-0.7782541941632235,-0.28847560422937474
0.06708600325910608,0.771485091952694,0.028434527425877206,0.6320614675105019
0.08166026550396355,0.8827976545431492,-0.1576236274022713,0.4349191812917505
-0.1159436855370426,0.7295886980467243,0.029221526771375204,0.6733524306332622
-0.583247486043201,0.1840443688254111,-0.75113738276227,0.24848072871953236
-0.7167722035273542,0.2743585912997187,-0.5592652242306865,0.313348656605985
-0.09744978691336281,0.8034929783170541,0.16706573285480555,0.5630200828846306
-0.3861241251886254,-0.43983130689791755,-0.7012288247054368,-0.4071052896021133
-0.5762069634094815,0.3148380523312081,-0.47845014536651664,0.5830505934492097
-0.7179600611485287,0.4883134938388447,-0.3555503165160687,0.3459295517237948
-0.01812151454251576,0.7157899807726177,0.12713171285663152,0.6864064697556103
-0.6028608470702631,0.5418593805951207,-0.5363168628803606,0.23518382878286065
-0.22655300760739827,0.43119734219664935,-0.6762164657476935,0.5526969135776738
-0.5400893031298051,0.615695904543106,-0.459128139315154,0.34412708330297526
-0.37925788433265906,0.7493578687756137,-0.3510629579460833,0.4139819334629622
0.2170989810249947,0.75560584748199,-0.30076897625618326,0.5398757807225102
-0.663353648383711,0.5515295713014814,-0.4384076972836046,0.252142340987213
-0.1632591337666589,0.5117040968778778,0.018772663527722513,0.8432988554387052
0.32514597139115475,0.7174286270107615,0.14858266292593933,0.5979125811616549
-0.4986931230733067,0.24316066730006033,-0.7901937175668587,0.26033045844743097
-0.015160516254270284,0.5741569350021292,-0.13712615729670435,0.8070380348663274
0.07773013725205347,0.5788549099610962,-0.07063715692013164,0.8086379975235819
-0.35941976069563186,0.38327996674993137,-0.7966927128299164,0.2986546902919403
-0.7020874296005751,0.4485412839582153,-0.5460162348837077,-0.08803538507550777
-0.8073856402574026,-0.2006887491716936,-0.5543470849715627,-0.02348964123982921
-0.6251403220149407,-0.4149601905894858,-0.5916341547057451,0.29491803098931046
-0.6246837881051418,0.06783441522129302,-0.29166469053348754,0.7211798425401261
-0.3505837931603393,0.5551489879769701,-0.44859017328245593,0.6063558868815173
-0.6215079076968201,-0.12598271133865815,-0.7423369328221783,-0.21631494465764936
-0.10147722465163178,0.5442705862315733,-0.6311974460705458,0.5431958080785992
-0.5615209304415755,0.3449519446742393,-0.6508176216941353,0.3770130287322676
-0.14246667666971424,0.7697197152018402,-0.1489178010442461,0.6042005417081576
-0.0369436599621662,0.835134873245842,0.21541915597944272,0.5047568689125047
-0.4048865737592182,0.11966860647280499,-0.8886825496163835,0.1788564033567208
-0.1989779608662351,0.5897454232686983,0.2819309932729491,0.7301527387165418
-0.393697564419341,0.05804174671393173,-0.8775329450720495,0.2675244170573029
0.034725168339206136,0.5942854164389806,-0.045803129597668864,0.8021976563234399
-0.766779635319268,0.6077791523155526,-0.12445946794410206,0.16481302651583862
0.1550704270353246,0.713097191013744,-0.06148571281914931,0.6809295601943791
-0.6240891494027959,0.1650716622736731,-0.6766801495439513,0.35407351655422803
-0.26749905998998846,0.48872522597266,-0.8210465079210174,0.12439669703472053
-0.059612187501403735,0.91406971186885,-0.09330613969302286,0.3901498599780352
-0.8388310130481527,0.09442727475544033,-0.5328146579656434,0.05962014414461975
-0.3671524229077766,0.3633418159006274,-0.700285070870548,0.49272978668517275
-0.5177591676129042,0.6734281161682888,-0.33176805445648544,0.4103047340075191
-0.58104704024854,0.36332102197633054,-0.7233141086486717,0.08484616808237885
-0.13822248909585233,0.8467372246936204,-0.31535798214198624,0.40556128874145203
-0.7453145894315123,0.05834583018516364,-0.6048040701475051,-0.27443389661911544
0.2523159786180248,0.0824544155338997,-0.6546003274197467,0.7078391961702545
-0.6615149824142367,0.6399375394446005,-0.3404736527088475,0.19223830383713414
-0.6202197042351267,0.38534826860834376,-0.45501264136571673,0.5097035673373668
-0.527938363166563,0.6167685457613878,-0.5199308261103496,0.2656117123106645
-0.9128021341306314,0.12746254233134496,-0.3706691116072969,0.11467333573787782
-0.6066702747290225,0.01358674230133197,-0.7538636818241966,0.251904996814902
0.23971089272432977,0.6434154210323653,0.12351553115287127,0.7164490194361861
-0.7304079729246271,0.17156625857160646,-0.6529083769618014,-0.10382612051398318
-0.3518125205002661,0.7908407055221536,-0.49825994399152007,0.05035828752092347
-0.03650308632220456,0.5906505648548346,-0.125774187753782,0.7962287916299525
-0.5550312508820856,0.5924336211259812,-0.514375967173054,0.2763694619501413
-0.3921352129226875,0.021315695505925072,-0.9098936008668063,0.13367591784915586
-0.5378435093837267,-0.22827501351430693,-0.717872940788424,0.3785146212534193
-0.08634193932860879,0.5684365532980975,0.2323303203217866,0.7845046696143558
-0.08861786525109616,0.6222101595249931,-0.1025097249956578,0.7710338174318524
-0.39739476279891994,0.1075859975792916,-0.39467548211140835,0.8214218888275296
-0.038741272932731,0.6797326541988264,-0.4836889864660414,0.550006906282843
-0.4357643197499481,0.5298160777265795,-0.5599614112958483,0.4645940155392128
-0.7937042575874037,0.17461943130780958,-0.582561973027821,-0.012773146804839514
-0.6414421421695005,0.5543344765051818,-0.3267471158065043,0.4177338730805297
-0.7784876476204141,0.28198113280120723,-0.23975229816676885,0.5069146464350139
0.13064831561352797,0.5208178554118782,0.14483218548817905,0.8310856858099753
-0.9073335132300667,-0.1633363464133439,-0.36688998740723716,0.12433370761881689
-0.6564825772352582,0.666180554638376,-0.20360478329384774,0.28944634499009436
-0.2016988366602629,0.45608299126735613,-0.4559527107812817,0.737165524083783
-0.6168921669072999,0.1376989766714412,-0.7356781406361664,-0.24343524728799396
-0.7807850094718795,-0.41318765320832057,-0.3599957789907028,0.30008960549988206
-0.8060653359709042,0.14156037306763083,-0.45217742175358744,0.3546193934055846
-0.06048656259559193,0.8030511089297249,0.04880629179046146,0.5908199709503499
-0.3168555091119737,0.31017256884912425,-0.5117303327005098,0.7358856096385857
0.1769030617636187,0.7232309680045058,-0.20918746234893706,0.6339423311736916
-0.06625196859748372,0.6403070784837179,-0.30917918985651555,0.7000183929442655
-0.21657033359652855,0.7630247727901949,0.10698391990776397,0.599537261223628
-0.4816899473918119,0.6616994989623235,-0.07340392153841663,0.5698600108425457
-0.39043317925940124,0.4982691629465045,-0.7670060830210715,-0.10484008011566764
-0.27923687724374313,0.5655561874920552,-0.11768006109947993,0.7670230559743535
-0.19883991469822582,0.7098096226289374,-0.21446391235344872,0.6408105946722638
-0.8009127673058465,-0.35826414757226405,-0.439479429400695,0.19246654479272354
-0.5448585915564009,0.3370603152276954,-0.6947064357201814,0.3269593663970238
-0.5613498900231152,-0.27596265911608076,-0.7116089355175553,0.31991191699621
-0.3954646602783549,0.6489311237085928,-0.5714728490132701,0.3097012786442529
-0.5219482836450655,0.05794234959828618,-0.839270009644845,0.14084929617765954
-0.7916524646644931,0.1954333091383489,-0.5609871131299726,0.14277834489854205
-0.7293221760493374,0.3877705953754023,-0.5467203048550668,-0.13718614049548908
-0.2197745644420359,0.2634055928218723,-0.7991596762062037,0.4936197386860326
0.06180990891342475,0.7810833346846132,0.07172406859187155,0.6172066245777883
-0.42250992749236915,0.4560797530722535,-0.2939090420122464,0.7260124620358724
-0.6051447083682252,0.1440431704945806,-0.615814555127037,-0.4835533896701522
0.039601777300911634,0.8259152081475921,-0.11326817156574043,0.5508775630712167
0.06242289397490075,0.5499246509760818,0.03973735141416446,0.8319298068101778
-0.5715758003247919,-0.2312671048347207,-0.7866791982518838,0.03086210851858684
-0.6005888479388337,0.16380431110333227,-0.7768114655904401,-0.09500068590646858
-0.831960314978453,0.21259597886400206,-0.14366291447857893,0.491941003653214
-0.4534970580296457,0.7094460258524858,-0.4971647780938622,0.20941331902114346
-0.6814822670631313,0.12936267049309708,-0.6807703867252284,0.2353697085849665
-0.7102833133474569,-0.06040179326498139,-0.5828830024718046,0.38999569687367985
-0.17048198647926793,0.5655763428785836,-0.708934174234253,0.38532016462283364
-0.1777594440055924,0.7657531164310273,0.007287215922686035,0.6180377344686065
-0.6760387839423091,0.15304235742529246,-0.6437721411410385,0.3242021433152403
-0.01202584364370729,0.6467292333461386,-0.10951987133393087,0.7547198656476268
-0.38979918953128034,0.459109385125035,-0.6512656165067158,0.4616581647572116
-0.38480664133709486,0.5557698607705074,-0.48163558570163484,0.5577372797544011
-0.47622038197852046,0.6572703047112882,-0.5198450111078807,0.26640393908350923
-0.16091125637324877,0.6739565812677875,-0.26762267973314974,0.6695283380340715
-0.1220219953746674,0.7129427459768282,-0.6730077398285926,0.15454402523104596
-0.7856291764864083,-0.18036213965198666,-0.582096647956312,-0.10686340847769359
-0.10108025802570042,0.8568330483527546,0.007758245463385998,0.5055291468504195
-0.42180888934557226,0.1383685153778969,-0.7672306997610842,0.4629130244066257
-0.20474826830347015,0.4893518085749539,-0.09485830286393541,0.8423864056648381
-0.8440449490574281,0.2276092748588248,-0.43512246672039223,0.21552396832845372
-0.5285908072150185,0.47838512700356217,-0.5801464007237966,0.39391570483643484
0.02922491586487208,0.6716772662832159,0.01744471582962661,0.7400616434734476
-0.6909249329541047,-0.04322011377418639,-0.7167386839642376,0.08390719693163826
-0.47566574965864417,0.7940436656064138,-0.37130202547812236,0.07329091067693377
-0.08514231367212999,0.794801429715692,0.062803951567007,0.597576051571695
-0.5616601717790126,0.30064934723395276,-0.6113272271183974,0.4694963714755425
-0.2849990216231232,0.47821427728084137,-0.8306829701769214,0.007243323592984939
-0.6068367521331032,0.04700208270738139,-0.7892846212716988,-0.08105397649533351
-0.6011342278931343,0.5238521967619516,-0.42297482612270554,0.4304751008705033
-0.37972534201329144,-0.02205871584493091,-0.7592159556712066,0.5281223441044872
-0.4060577161406854,-0.24688458846312658,-0.8597870156616156,0.18689948860736802
-0.40506229050097653,0.29083781604005965,0.0016395531578431988,0.8667959491371622
-0.33660925666577834,0.5511757862266353,-0.4537363672451554,0.6140217993227377
-0.3402873823348074,0.6679371284449834,-0.6077177943256146,0.2621899546672315
0.02859491096622868,0.7642963990817897,-0.08287286211209542,0.638878262380864
0.005307789211422498,0.6708619011417654,0.19868569268120292,0.7144509307810675
0.025911103721237505,0.7269378870285864,0.19053498281324754,0.6592316310908604
0.011521853789599579,0.7555245798675737,0.08068391653335558,0.6500307390531739
0.012567757652765077,0.7756972903662221,0.21783211555437332,0.5921865707859204
0.014119532486760344,0.6774447769180765,0.1517401346547799,0.719613885749658
0.20730618369919218,0.5475322103680822,-0.07912786505341925,0.8068279902070865
-0.24816023735254844,0.4568227662072264,-0.8535336247817252,0.03478229778025166
-0.8256149985766074,0.13180201529713376,-0.5433280051731771,0.07604460325031946
-0.6400794962749894,0.10339519270850363,-0.7570293318149427,-0.08071098651948311
-0.19382634391030895,0.44416899745486244,-0.4416730087069932,0.7550299354899889
-0.7458298619438594,0.23912572767337442,-0.6174994959561779,0.07246430770627316
0.2954508383871318,0.7183756321343084,0.13438737310109275,0.6152928467022523
-0.8788196454728678,0.1452786115862183,-0.4401676611150823,-0.11323685731687211
-0.24929240842411526,0.39838614721473853,-0.25889373622170625,0.8438695433268503
-0.6701121075972136,-0.021156760038302053,-0.7414749192126343,0.026778703010400706
0.07910325712427124,0.7679524582685111,0.034308909576394216,0.6346767644048114
-0.8029028591606987,0.13255664894495284,-0.3418670544830137,0.4700028198119332
-0.024805876483615652,0.37872363274221454,-0.7372991429595971,0.5588765984414301
-0.851614311765316,-0.027065017096856173,-0.5160753575598299,-0.0876742502992033
-0.09765092284953392,0.6400971140708889,-0.10088225364745654,0.7553560436799082
-0.7318223853076579,0.06755763788230174,-0.6538967703912618,-0.17969689924495344
0.07810135254827211,0.7615337018929256,-0.03842770118211134,0.6422537749155275
-0.3603997508947616,0.6465374887730643,-0.5581940522593951,0.3748609011196686
-0.5271499152733018,0.4440645880997919,-0.6956084034008704,0.2026044361340718
0.09613174474427733,0.7149579084834566,0.0536792765203239,0.6904436342103797
0.08914905822551711,0.7047484883044693,-0.02051319193962403,0.7035348055402209
0.029997732093474894,0.6918472554100145,-0.036376896274551915,0.7205027638172586
-0.27617591628459515,0.7558597828531939,-0.08475424309031361,0.5875538870671134
-0.5639998779251105,0.14502003416109174,-0.7764977978492749,-0.24067508663674014
-0.3920146020323292,0.39701309511298605,-0.5443767709422357,0.6263857320858662
-0.6404624512998822,0.2761897905233283,-0.66911751426138,-0.25653225955871073
-0.6278007315563205,0.49336546148997107,-0.46354189411489577,0.3841688108976471
-0.7386412243160766,0.06893476436651436,-0.6469869978782087,0.17625255907113238
-0.7622966463590712,0.2881671492353754,-0.2098704034818311,0.5402017500838404
-0.6282181874847356,-0.044314474115663034,-0.774586531737129,-0.05825668329635342
-0.6931495453628075,0.5340739993230192,-0.47337261493641547,0.10112882100919329
-0.6130519782657273,-0.09205737257121847,-0.5458090687559408,0.5637243764141606
0.08744104937646802,0.3846415231146909,0.19791744002113093,0.8973481200266897
-0.049005629819406815,0.639217254066855,-0.06954474883037631,0.7643057491994629
-0.5994916598696836,-0.02609393682830264,-0.7914910175112614,0.11606388502234616
0.02396794452556683,0.7105056520629993,0.103140114240934,0.6956790731767905
-0.68917778159863,0.6103387192942763,-0.38919957587481946,-0.03231599015773834
0.05711412942111116,0.5389152764033236,-0.6618910621098177,0.5178885236986194
-0.720784031389968,0.3217425867828443,-0.36882121756819874,0.49083907486570516
-0.8259320410132075,0.32948818491581916,-0.2682507208847472,0.37056085920324816
-0.3983032277216222,0.8008074158918248,-0.39080184393904277,0.21756824265742508
-0.10351159122517695,0.8394754215510258,0.04858830689737303,0.5312302170684623
-0.6730702987330738,0.12152119416575434,-0.7285375089410057,0.03797460201152768
-0.3456885749993419,0.580879536940197,-0.534869023093276,0.5069452641206069
-0.4991859276474564,0.40090114450403447,-0.5776392391499292,0.506383837981027
0.043440556480934256,0.6541235408786297,-0.05928060656655196,0.7528088210204048
-0.5516172627350232,-0.24011156873016593,-0.7435223630465762,-0.29195774636802174
-0.5869001480804984,0.5430863922265015,-0.4041364151536002,0.4441611697439218
0.034074679106131156,0.5087556141221737,-0.1999273023062589,0.8366813701377157
0.1308243220720896,0.7761263655492878,-0.02504667819989279,0.6163485421129686
-0.2263689040975314,0.7076021863648594,-0.5617945993688644,0.36392731860816746
-0.6102969951083724,0.2624383323257253,-0.6166476992998567,0.42238526777809987
0.026118548016428544,0.6236084116312299,0.0681392485927016,0.7783234630881364
-0.5323593191864946,0.49802608780158,-0.43558365729333315,0.5280439836257099
-0.44715377292379277,0.35378847819453413,-0.48399535970588453,0.6638039679302805
0.13226122008012897,0.6772459288672374,0.003175600107224166,0.723764351885078
-0.22306849368079784,0.4628392474511838,0.1254499770471717,0.8486946337786432
0.015812408643315123,0.5756538771462293,-0.28598516098906884,0.7658884182134277
0.11703314505060569,0.7041062856493678,0.007258217996335258,0.7003462713116505
-0.6024293109540765,0.585560331591718,-0.3098438307875598,0.4451907724700547
-0.6993251818659515,-0.010570259069053975,-0.6624972577421965,-0.26819758223264534
-0.7110415805248359,0.12388825205326498,-0.28190176324478555,0.6321415724720307
-0.121181483570035,0.6881362297692483,-0.0642264285154749,0.7125016092605517
-0.5910581121440672,-0.35588963355671316,-0.6663683203539235,-0.28274748172928144
-0.3747129470054449,0.550911804396958,-0.7449615279307586,-0.03344716767757702
-0.2531956684567148,0.3358243225013906,-0.8211074511885886,0.38587113327355715
-0.4702943133769554,0.5341362630248562,-0.26700273441243005,0.6497932372250621
-0.3292453220758004,0.4009704872542298,-0.6497081165980932,0.5556073698835058
-0.026511714780910633,0.5326226025245386,-0.5242321420006554,0.663920894047452
-0.006780086533249463,0.7484667609843487,0.1401081347005113,0.6481676085079711
-0.906008950726284,-0.1610500909874501,-0.390449036954053,0.027571705396008877
0.0015382355834748784,0.6964125131403744,0.08971957682840434,0.7120095806283292
-0.7237484610986172,0.5027345117313634,-0.32993919902260826,0.33850598328527554
-0.489820493367899,0.0847538933884659,-0.8571993591192588,-0.13454337797846563
-0.7833650785684672,0.22053095643282658,-0.5030014012224548,0.2910237813349436
0.06294259665950064,0.7945623786442637,-0.05314294544166392,0.6015685192218031
-0.0583648505428187,0.39960163642159596,0.42684933369982536,0.809142584907204
-0.38118275422436,-0.22357179439974983,-0.5225137987139763,0.7291739784059066
0.09175142171066042,0.7133822483419456,0.03542439958382351,0.693838998816576
0.10456687589608038,0.8239520351634138,-0.12439672895020522,0.5428575006775636
0.006019141243330028,0.7465621888335987,0.07145484210588489,0.6614400000622139
-0.5375438694426143,0.3073323894113453,-0.772084834900602,-0.1431027552491034
-0.7076848123783498,0.43390726132720797,-0.46460004390923426,0.3083074668185632
-0.6706681855864761,0.6686848859368456,-0.22326941640571224,0.23068479763440175
-0.5038424957725443,0.5340804288753312,-0.6657341998082085,0.13303687515783363
0.04602946632323868,0.7342299475664311,-0.06510073910684121,0.6742029116626064
-0.3222263202004473,0.8271349393499132,-0.4478960878430134,0.1068039567226704
-0.059401881267568624,0.6485560362095999,-0.0899889065798418,0.7534908633092574
-0.4853554334179886,0.27654815346599304,-0.7554642819902022,0.3423812797207445
-0.27610608743338694,0.5089482188964357,-0.2431099439533377,0.7782253491858115
-0.7620146119547815,0.44040709177430054,-0.1299970464082535,0.45659182275577065
-0.5202274111841644,-0.18305443229528992,-0.834078947153519,-0.012916090157188089
-0.8512171946851637,0.2205681062274841,-0.4312094668148805,0.20208264081005997
-0.6858585287808024,-0.17484128472380725,-0.705779495598188,-0.03006505027318343
-0.3548375955814318,0.7086801924336016,-0.405822191948504,0.45516042681275937
-0.5923206281744399,0.19308583348886244,-0.6148013188225561,0.483625343338203
-0.8306740097286599,-0.16199411076590778,-0.5080516274177511,0.16006917728484596
-0.13212591645763372,0.8145174064584794,-0.18370464177015794,0.5341879270149039
-0.14182568916659954,0.4562161086922025,-0.7459312704574752,0.4640462000877293
0.12213626146135259,0.5033422942795918,-0.16915187660269257,0.8385206682410328
-0.42311358762547524,0.5918350893401935,-0.6497376181572433,0.22033417016826232
-0.7980789177015787,0.35340697227822104,-0.1191998565996919,0.4732493499752861
-0.7746244297634746,-0.04800873941786199,-0.4289479170869487,0.4622292052433386
-0.7304518889450937,-0.10594143218958091,-0.6480474314679016,0.1877524366020862
-0.4107590226103457,0.4300171705673529,-0.5008921594102829,0.6288635010896612
-0.43467064795462296,0.033539852156497574,-0.4257959368707733,0.7928646330038751
-0.6480179064729196,0.15051409053672501,-0.7384639287273297,-0.10995147752055975
0.019692586838951476,0.7800848510951877,0.060034215015692796,0.6224754775433634
-0.8722827852912176,0.05719479756954506,-0.4344462243918095,-0.21704371846997875
-0.14363007084852952,0.6748256743996974,-0.14990115272041798,0.7081739590892405
-0.8662371459117638,-0.1558488032581712,-0.3378949635728151,-0.33342368115921706
-0.8590968167949462,-0.3070880661507589,-0.4033315489302974,-0.07052120700941339
-0.5363108268097417,-0.08161026704650055,-0.7272577517931502,0.4204837973287705
-0.6874813086846844,-0.3662808296841131,-0.6214656231259945,0.08359595257983927
-0.590464971577784,0.4525201856729848,-0.3979884480243246,0.5368256645665558
0.10452288973317814,0.7190973519092028,-0.05274562101130414,0.6849758123197707
-0.015139104464208408,0.7047707716230895,0.04694830466997168,0.7077180396672332
-0.008727539866258849,0.7318496567682912,-0.5962118146421682,0.3299263281660167
0.04411254141606569,0.7754494496199706,-0.05847738389310235,0.6271464185873336
-0.12346657815511719,0.8262918943158816,-0.21826166641675307,0.5043407126531825
0.34070731238772234,0.7561990886763748,-0.042686292424657914,0.5570092871843267
-0.12011860861063595,0.653431632019646,-0.7413595783684447,-0.09478711781116966
-0.603295936314282,-0.4050544795400998,-0.6854321511390418,-0.04634272344261194
-0.6683094838960817,0.32998049135840724,-0.37768988937545267,0.5493866184400344
-0.6939626866799734,-0.36880113975990036,-0.599499507980033,-0.1516636038718891
-0.06802294843950352,0.8759932241352912,0.005420396321126897,0.47747185158747896
-0.5439357857743041,0.6472411853307217,-0.5278541188203789,0.08113407551783897
-0.02985317152500666,0.5786287233293109,-0.25456636490110507,0.7742696910955685
-0.010212910033317368,0.6939096424024851,-0.13595828660626974,0.707036384461644
-0.09913863326205197,0.20120134357089164,-0.8876430801251967,0.40221799194722035
0.07037609488965701,0.7524777721586668,-0.31032341879406644,0.5766487522081128
-0.29604671138223226,0.4842692181671552,-0.4273504283097105,0.703712498424637
0.027349237673980342,0.7821410297260123,0.05445837903947527,0.6201142747673026
-0.6908318426510044,-0.060142912057901225,-0.7204451456403991,-0.009642999108053007
-0.25058820034855367,0.38831366811775453,-0.6751416258396934,0.5749798553493359
-0.7002149853650365,-0.19791171258870072,-0.6689009475118862,-0.1519916139402101
-0.010543128037814653,0.7532890434232073,0.053945375922407654,0.655388705980136
-0.43142061258001485,0.6600086045410369,-0.42551840487692233,0.4440709223579923
-0.4443927749903429,-0.221550049561029,-0.8663022384454854,0.05432374011635633
-0.04154581471529417,0.7214171495378208,0.17694905208014416,0.6682217256272843
-0.7510453005821488,0.4235500175114373,-0.3029218837262119,0.40592446526329873
-0.7793077977172251,-0.10504423043907732,-0.6086508300092848,0.1057791718515459
-0.7170355547736535,0.506488252918266,-0.34575306297145536,-0.33133741456723304
-0.3215961717539456,0.7769080146831584,-0.4456443237769578,0.307231143798376
-0.752272898402661,-0.08947968089065654,-0.6507435313783312,-0.05110508199606494
-0.6932662579072103,-0.14420151144861065,-0.7054041300896751,-0.031509252541089
-0.7352974705148623,0.46150113489835526,-0.34843013602408446,0.3534837657548282
-0.3647695921003896,0.7322778896675066,-0.2961810214276495,0.49293918441232953
-0.6579769971534495,-0.08939780339874812,-0.7405818172530573,-0.10301881342049812
-0.6100488438910301,-0.37365886772644313,-0.6673976155028414,-0.2068813221577323
-0.7163801233246461,0.2676688424776655,-0.6216804850426747,0.16931120514938391
-0.8090458568908508,-0.08467042363605955,-0.5710791805175742,0.11020113605773191
-0.5474199663034848,0.6152550271791284,-0.5309073992735512,0.19982483684391195
-0.33200730588187244,-0.11089296562697015,-0.8627093541492228,-0.3649746145678454
-0.3441165991900167,-0.021643208671529635,-0.544233195835823,0.764804266613769
-0.05244065727701208,0.6980591954111094,-0.041056638407790565,0.7129359645921932
0.06242059457973603,0.48265468051631355,0.14576511767220293,0.861336553977605
-0.6062309148790814,0.29848082159647216,-0.7171039749294186,-0.17074883930614201
-0.43136135590807945,0.7771427257071444,-0.2647127209299659,0.37403708357256193
-0.7812261942964861,0.10418992267176203,-0.6148444309379946,-0.028220898341735693
-0.2123061188763241,0.7853855618843374,-0.11030618145285609,0.5709011975855232
-0.5626375046564902,0.5971513370804797,-0.5210674748119191,0.23524031472101858
-0.4352057855004937,0.4646226681779544,-0.4488895131983657,0.6270724881723256
-0.7913209725546594,0.3466489391988024,-0.269613924579532,0.425386839265529
-0.7970948238651697,-0.025832175703517746,-0.602380829818389,-0.03331480651429811
-0.49306920955041733,0.7754993781538356,-0.08342399375265885,0.3853879945492568
-0.5655519133729963,0.32183191469706485,-0.7487130758939081,0.1265068454592362
-0.9202307691866296,0.13516043591290441,-0.3624081092592242,-0.05972729986506619
-0.43255716530231614,0.6054306631821055,-0.5648858665074035,0.35672393898458943
-0.7022612438664014,-0.356550286112457,-0.6106478860725859,-0.08252392423668234
-0.48356376684807667,-0.11990479997690148,-0.8512069990540171,-0.1650320183953787
-0.36179707623702906,0.7619717339120913,-0.3387855854269265,0.41680484576390603
-0.22717590590116865,0.678596846514472,0.21204300706340007,0.6655337638573324
-0.7440917080570892,-0.009099950100806794,-0.5971858142082687,-0.29935568178548577
